commission_bps,total_return_con_regimen,calmar_con_regimen,total_return_solo_global,calmar_solo_global
0.0,-0.16414439168558037,-0.5380335926587297,0.08669345398725148,0.5747714283004485
2.5,-0.201906683085731,-0.6234141242650791,0.04716672187267079,0.2883802726251605
5.0,-0.2379709296327669,-0.6957077712784253,0.009070234755724549,0.04690215991056407
7.5,-0.27241313059418093,-0.7281606250565553,-0.02764749168813785,-0.12231305622288556
10.0,-0.3053058995630197,-0.737411806121219,-0.06303609806435528,-0.24359995853139974
12.5,-0.33671861458635677,-0.7455432440892809,-0.09714344694641586,-0.3343530006077367
15.0,-0.3667175616674958,-0.752869265476439,-0.13001568623468918,-0.40499843800290697
17.5,-0.39536607193297735,-0.7595926066137827,-0.16169731026904788,-0.4616259100144912
20.0,-0.4227246527428513,-0.7658498214462207,-0.1922312187745029,-0.5080900160597682
22.5,-0.4488511130103574,-0.7717361906524395,-0.22165877371629517,-0.5469495259868676
25.0,-0.47380068298562683,-0.7773201728307836,-0.25001985413821204,-0.5799696984369066
27.5,-0.4976261287468148,-0.7826521852782404,-0.27735290905532206,-0.6084077481276154
30.0,-0.5203771316643478,-0.787769987294007,-0.3036950084697687,-0.6331833484862729
32.5,-0.5421017075148485,-0.7927025908413512,-0.3290818925759156,-0.6549847876935491
35.0,-0.5628467791051827,-0.7974728076588278,-0.3535480192187793,-0.6743374328963716
37.5,-0.5826563077957415,-0.8020984874734359,-0.37712660966742095,-0.6916492436253889
40.0,-0.601572290898089,-0.8065939003534264,-0.3998496927628402,-0.7072418353740024
42.5,-0.619634849023728,-0.8109705848243642,-0.42174814749778344,-0.7213721765725603
45.0,-0.6368823095657228,-0.8152379676796946,-0.4428517440839047,-0.7342480563186705
47.5,-0.6533512864835926,-0.8194038240865369,-0.4631891835597093,-0.7460393140794978
50.0,-0.6690767565544389,-0.8234746239950744,-0.4827881359908973,-0.7568861269158819
