window,test_start,calmar_train,n_trades_train,weekly_return_train,weekly_return_oos_con_regimen,weekly_return_oos_solo_global
0,2022-08-01,68.37910239645241,7,0.007844757913523015,-0.028361867078253722,-0.0005622260838823445
1,2022-08-08,70.3429531018918,5,0.009235366966891222,-0.01713893942222744,-0.022650870017964064
2,2022-08-15,41.106495285541286,8,0.010820602028675358,0.008361771832932074,0.014502738275957494
3,2022-08-22,7.353299331204518,5,0.0032044177865773395,-0.026467940951043434,0.01656339525021422
4,2022-08-29,56.472996064682064,6,0.007206930813247199,-0.019376843982564007,-0.010080263530781064
5,2022-09-05,28.848842880738655,6,0.008888100045217952,0.001127903393678853,0.009955298576689753
6,2022-09-12,51.85542929001682,7,0.01839039789862126,-0.0267725563565262,0.013237773535955677
7,2022-09-19,53.21050035053533,5,0.009046340781767552,0.0069691719299098676,0.006825683310350827
8,2022-09-26,212.0528403928291,6,0.030094469444002715,0.010565769443901418,-0.037235334894318184
9,2022-10-03,104.18291305543278,5,0.031571465743958534,0.010222181995341417,-0.018058370173274496
10,2022-10-10,58.514706971843886,5,0.007027566125150453,0.013184611004854352,0.0393652113455758
11,2022-10-17,38.97263480319241,5,0.01141758203652034,-0.030433840923003275,-0.017305803236420836
12,2022-10-24,24.659127105239214,7,0.010208773313065793,-0.03766742926606126,-0.02724350387352381
13,2022-10-31,16.260577340413125,10,0.013688193219610878,-0.034866587150584216,-0.018574022469790896
14,2022-11-07,23.562231241743575,9,0.004935901415371354,0.06465239258697952,0.016769266172803166
15,2022-11-14,84.6077659113044,10,0.016452746324186127,0.002047526268018851,0.002047526268018851
16,2022-11-21,91.99905245117827,5,0.023616627139833393,0.0014290361900486381,0.004904455752028358
17,2022-11-28,128.43275048531103,7,0.03711342663508081,-0.03620534488016325,0.0008638286231041903
18,2022-12-05,96.3140926140319,5,0.028704889979124074,-0.028606522912137833,-0.02180030954732881
19,2022-12-12,2.197639516053854,5,0.001388513027261573,0.013801600307169704,0.02116291741656884
20,2022-12-19,32.99702367477113,6,0.01434450151300247,-0.005182307124947383,0.00606449308260304
21,2022-12-26,16.696140558802387,6,0.00727892665780913,-0.012493402748227633,-0.0021973731936900665
22,2023-01-02,32.05719062373926,5,0.010129355730015234,0.009577068577602654,-0.008934433234251249
23,2023-01-09,46.469889808706526,5,0.014305777977258405,-0.0015883518524643092,0.007099484538015011
24,2023-01-16,101.67852536070802,6,0.015993561483074594,0.0093342061377375,0.008903543568723249
25,2023-01-23,105.58339409332822,5,0.022192565774956027,0.0,-0.011651918295838337
26,2023-01-30,73.75937115408385,6,0.009980277926225982,-0.031281529269565955,-0.02519741821372612
27,2023-02-06,76.87930617382709,5,0.01810005126445301,0.049306353767410105,-0.011418284618763264
28,2023-02-13,206.77815094629946,5,0.037519834415004866,0.011628533429914878,0.04264081032356226
29,2023-02-20,95.33093957302505,7,0.03090796097605303,-0.02971299747803613,-0.018004273886390365
30,2023-02-27,246.35888192378886,8,0.03538050415135615,-0.007385754902783925,0.0025998801098485735
31,2023-03-06,269.90251351759355,7,0.03614970972350129,-0.0001706149723814665,-0.0022128854716051416
32,2023-03-13,1440.7652029598164,6,0.08941888985071345,0.021641372694742866,0.0
33,2023-03-20,280.7592455410098,5,0.04844205005304725,-0.0244081183149647,-0.010388284312537133
34,2023-03-27,328.7827521119054,7,0.05086655636415577,0.03158704409176627,-0.014924570277278781
35,2023-04-03,260.420384427079,5,0.026852414974137265,-0.004621072102555468,0.005015089671484674
36,2023-04-10,103.97712043298654,5,0.026546867565725153,0.07351250462283554,0.010101434047566027
37,2023-04-17,50.49034119811289,7,0.00802060478307774,-0.010487449218882783,-0.010074062835713993
38,2023-04-24,33.050129535714746,8,0.012962880197560648,-0.03329566517482985,0.0033958780043876757
39,2023-05-01,188.12054134420046,7,0.03580791914851624,-0.04531790201980834,-0.046961454082523724
40,2023-05-08,60.84651995782956,8,0.01460652637044353,-0.018924815142891793,0.006961618309889506
41,2023-05-15,24.40173514733422,5,0.006395167184521629,-0.06012941662353499,-0.005414779083489418
42,2023-05-22,10.481400088998921,5,0.00431892868480069,0.0,0.0
43,2023-05-29,32.817990687442155,8,0.012787672330905647,-0.0003484095146450983,-0.007433347896997455
44,2023-06-05,26.817622123000994,10,0.007359278025471126,-0.00818207848133401,-0.021475925240833083
45,2023-06-12,17.30690601105502,5,0.008081259980675142,-0.012030281297538137,-0.023370321378151315
46,2023-06-19,3.3524030683167947,13,0.0026426629926478615,0.03800755122497712,0.005528388199299128
47,2023-06-26,89.27467431464,6,0.020725460974722512,-0.02128747929840369,-0.014257188744834393
48,2023-07-03,49.077512868213276,5,0.01662590741488895,-0.004053867492165519,0.0
49,2023-07-10,37.5371280734214,6,0.008979960517138187,-0.027660158543471258,-0.003236465929341459
50,2023-07-17,36.60791034056665,7,0.007726106845179915,-0.01647255935362646,0.0006384281874447506
51,2023-07-24,-2.176047361774823,6,-0.0016840299863073117,-0.008902679181005735,0.005812311835208472
52,2023-07-31,37.248947339045344,5,0.01111607882442865,0.00819858546715646,0.0
53,2023-08-07,40.94186094427615,7,0.004744190554551538,-0.010496126260853056,-0.006145788841050326
54,2023-08-14,8.095967719839724,5,0.0014258613050753069,0.011214083822045584,0.040648106285559704
55,2023-08-21,92.95411160804754,5,0.017310566042461676,-0.027561796438570818,-0.008994871242415381
56,2023-08-28,58.05497531748861,5,0.011508260064122039,-0.019184249868399506,-0.004817478068866343
57,2023-09-04,50.35613711753337,13,0.0229973419253672,-0.013689768424191229,-0.021907599068407335
58,2023-09-11,106.11209562845644,6,0.02537982112408374,-0.0052733564983388215,-0.006508358512733126
59,2023-09-18,2.3183026828740863,11,0.0029984573144920586,0.004280561445108688,0.005165168879902815
60,2023-09-25,39.12420661892857,11,0.017628489665464896,-0.0011452795890941614,-0.01774990625855255
61,2023-10-02,11.829766129523312,7,0.005307411644107604,-0.006695349416052099,-0.007889707323724626
62,2023-10-09,54.395026593684186,9,0.01539684406780606,0.002632737447833655,0.003410089168175867
63,2023-10-16,58.261014911495984,5,0.014613096096716904,-0.004928088283297605,0.022833038644288983
64,2023-10-23,75.8857997607454,5,0.03096430336278148,0.006078288051152958,0.1015360005150785
65,2023-10-30,394.9780483838598,6,0.04765888559418483,-0.01837469733066599,0.010222723988532412
66,2023-11-06,102.53363540691339,6,0.017207077180855183,0.023963167639443617,-0.008070703989313421
67,2023-11-13,113.9073601598461,6,0.02730733883302726,-0.013598180745016508,0.019989504352480925
68,2023-11-20,90.52344137118091,7,0.00822220851732515,-0.02488322420935496,0.0012720839792916827
69,2023-11-27,24.09777274115182,7,0.002875588151322065,0.0037923539314119736,0.010039922367993226
70,2023-12-04,18.59670845424257,5,0.006354692937174944,-0.0059588452499372835,0.003774033359309703
71,2023-12-11,85.46912563925547,5,0.028625049088606275,0.015616583571449905,-0.04599169108668011
72,2023-12-18,46.53681147355841,12,0.011096428844618885,-0.02141348786631203,-0.017831217246639497
