period,method,regime,volatility,trend_r2,autocorr_1
ajuste,rules,crisis,0.8876415074157691,0.5660047907444432,0.11703028786487055
ajuste,rules,mean_reversion,0.37761344400444846,0.18979391546109045,0.17177684898264217
ajuste,rules,trend,0.3906249243945946,0.7059087373855217,0.15332590499406398
ajuste,kmeans,crisis,0.626793486038247,0.4874165868694857,0.05258333867589332
ajuste,kmeans,mean_reversion,0.35170985106270564,0.13969798782266007,0.21243273297749443
ajuste,kmeans,trend,0.3613958887260148,0.6503306774495119,0.191280429982981
ajuste,hmm,crisis,0.6344501627993091,0.4901340280138119,0.04702071370835636
ajuste,hmm,mean_reversion,0.35235613516638675,0.11608701676592517,0.20958982516103722
ajuste,hmm,trend,0.3690540674375672,0.6136436088759064,0.19172245596915682
fuera_de_muestra,rules,crisis,0.7217148637703895,0.6555852368483414,-0.18786186981828437
fuera_de_muestra,rules,mean_reversion,0.34740650377363463,0.18866742655186725,-0.005905273649826572
fuera_de_muestra,rules,trend,0.3679461423656669,0.6975051441927255,0.020853028541220387
fuera_de_muestra,kmeans,crisis,0.38680388992122716,0.3707862769067629,-0.04383644899441654
fuera_de_muestra,kmeans,mean_reversion,0.28988467493605363,0.09507764627451813,0.06805632646257082
fuera_de_muestra,kmeans,trend,0.34244796502963726,0.6579304901398024,0.12864857690742554
fuera_de_muestra,hmm,crisis,0.36741356951254434,0.35218441054793576,-0.032091053309797654
fuera_de_muestra,hmm,mean_reversion,0.30397776063274634,0.0821034353639468,0.09514251734519658
fuera_de_muestra,hmm,trend,0.3959194971612378,0.6916079578830444,0.16940839190322388
