Datetime,con régimen,solo global,buy & hold
2022-08-31,-0.06911177674332569,0.006960931066257725,-0.14017025491717394
2022-09-30,-0.020842420046701338,-0.021377077989651383,-0.030840072722515655
2022-10-31,-0.06377507316597353,-0.023627057813285446,0.05485021033868498
2022-11-30,0.036595272083211006,0.009567753592943262,-0.16315233700457787
2022-12-31,-0.0493135886659446,0.0026650660537899107,-0.035289114368555086
2023-01-31,-0.004123492247353533,-0.02782482877948622,0.39833019793322744
2023-02-28,0.009886038306389011,0.019205903384101886,0.0006090811501098248
2023-03-31,0.03138846233005843,-0.021326942565738638,0.23003558962572623
2023-04-30,0.015771146651919254,-0.004916064184610547,0.028460293971135142
2023-05-31,-0.12085130884301742,-0.055647203816095336,-0.06965314262964661
2023-06-30,-0.005117770580760128,-0.049723079124191716,0.11733307857170794
2023-07-31,-0.05313641977906003,0.0031970952270237163,-0.03990156911683895
2023-08-31,-0.03896630005121493,0.020002141991117384,-0.1129349030597161
2023-09-30,-0.03236609211854258,-0.040582245265203154,0.044525932268185686
2023-10-31,-0.008722732615702111,0.1245480053359509,0.2799554249802019
2023-11-30,-0.015561047169582731,0.020726813923790388,0.08776023470096872
2023-12-31,-0.003975723029006062,-0.05002367918181683,0.14097034441089584
