param,value_minus_20,value_base,value_plus_20,calmar_minus_20,calmar_base,calmar_plus_20,at_limit_minus_20,at_limit_plus_20
ema_fast,16.0,20.0,24.0,-0.3323163506761468,-0.3323163506761468,-0.3248430982715635,False,False
slow_ratio,3.4916637225944536,4.364579653243067,5.23749558389168,-0.3323163506761468,-0.3323163506761468,-0.33732405713564334,False,False
roc_window,15.0,19.0,23.0,0.1405986893345392,-0.3323163506761468,-0.2527134425308188,False,False
bb_window,16.0,20.0,24.0,-0.3293476256990734,-0.3323163506761468,0.030595460435890974,False,False
bb_threshold,0.5596503382680343,0.6995629228350428,0.8394755074020513,-0.3971813812003804,-0.3323163506761468,0.2771084658448746,False,False
adx_threshold,15.735000226307523,19.668750282884403,23.602500339461283,-0.23618946770731306,-0.3323163506761468,0.47074913739037316,False,False
sl_mult,2.0658961745089743,2.582370218136218,3.0988442617634617,-0.44161544466609887,-0.3323163506761468,-0.034954980863757604,False,False
rr,3.768294934713209,4.710368668391511,5.652442402069813,-0.4399903556718609,-0.3323163506761468,-0.1538856186319965,False,False
max_holding,1325.0,1656.0,1987.0,-0.38401404360409946,-0.3323163506761468,-0.33085696310784124,False,False
rho,0.009481631541411711,0.01185203942676464,0.014222447312117567,-0.3147153909555256,-0.3323163506761468,-0.3528322662635615,False,False
