window,train_start,test_start,study,valid,calmar_train,n_trades_train,used_r5,operated,ema_fast,ema_slow,slow_ratio,roc_window,bb_window,bb_std,bb_threshold,adx_window,adx_threshold,atr_window,sl_mult,rr,max_holding,rho
0,2022-07-01,2022-08-01,global,True,68.37910239645241,7,False,True,20,112,5.585020566587856,16,13,2,0.6486329511907883,14,23.990584822537542,14,3.6236124709841455,7.556826919180044,685,0.007778014541216283
0,2022-07-01,2022-08-01,crisis,False,,0,True,True,20,112,5.585020566587856,16,13,2,0.6486329511907883,14,23.990584822537542,14,3.6236124709841455,7.556826919180044,685,0.007778014541216283
0,2022-07-01,2022-08-01,trend,True,84.45095563216434,6,False,True,25,69,2.7552124173381696,16,14,2,0.6505172573917856,14,15.727366167652404,14,2.301246192502174,5.563281473798065,1136,0.009356336242712825
0,2022-07-01,2022-08-01,mean_reversion,True,76.9236366178937,7,False,True,18,46,2.543739774368574,13,39,2,0.7609093806281259,14,16.485639837912004,14,1.0974578219931905,7.382811406818266,527,0.00945193259844998
1,2022-07-08,2022-08-08,global,True,70.3429531018918,5,False,True,9,24,2.717716895325856,27,15,2,0.6883506713051671,14,16.113439535371743,14,3.642417199111171,2.5659316720607013,719,0.013631309904506932
1,2022-07-08,2022-08-08,crisis,False,,0,True,True,9,24,2.717716895325856,27,15,2,0.6883506713051671,14,16.113439535371743,14,3.642417199111171,2.5659316720607013,719,0.013631309904506932
1,2022-07-08,2022-08-08,trend,True,98.31762119303157,5,False,True,6,18,2.9986098355173807,22,13,2,0.5725901514472153,14,16.252918092186814,14,3.790353521987524,5.7370458555622825,811,0.007125894469293555
1,2022-07-08,2022-08-08,mean_reversion,True,35.52724017949251,3,False,True,30,168,5.596943781140804,41,33,2,0.6340253408892013,14,21.101093280484992,14,3.6037024868152017,2.7059997476798046,3176,0.014601229673901522
2,2022-07-15,2022-08-15,global,True,41.106495285541286,8,False,True,29,154,5.312884719813299,25,38,2,0.8591735617836549,14,16.335244874353922,14,3.3469075878446963,4.058130436392322,506,0.011484531191805005
2,2022-07-15,2022-08-15,crisis,False,,0,True,True,29,154,5.312884719813299,25,38,2,0.8591735617836549,14,16.335244874353922,14,3.3469075878446963,4.058130436392322,506,0.011484531191805005
2,2022-07-15,2022-08-15,trend,True,19.33353974113352,4,False,True,10,22,2.211670454334452,41,12,2,0.7288318945155576,14,23.149342878912087,14,2.7239018196134595,5.472892766737841,822,0.012297518107252365
2,2022-07-15,2022-08-15,mean_reversion,True,26.694870138273952,4,False,True,25,103,4.111024197786268,20,26,2,0.7728019940364538,14,19.292096616486933,14,3.6698381177015085,7.183618293695617,798,0.015251868471242366
3,2022-07-22,2022-08-22,global,True,7.353299331204518,5,False,True,29,143,4.936058457581208,36,17,2,0.873101238152905,14,15.456182564850632,14,3.1818140173990193,4.92268853171414,3575,0.010446298361620691
3,2022-07-22,2022-08-22,crisis,False,,0,True,True,29,143,4.936058457581208,36,17,2,0.873101238152905,14,15.456182564850632,14,3.1818140173990193,4.92268853171414,3575,0.010446298361620691
3,2022-07-22,2022-08-22,trend,True,81.24433265530439,4,False,True,27,109,4.0374282516249975,20,22,2,0.5681168694250716,14,17.043456384839402,14,1.7348536498097544,1.820287642245269,1241,0.012971504229601504
3,2022-07-22,2022-08-22,mean_reversion,True,40.004121598898855,5,False,True,19,90,4.730786290466503,28,28,2,0.8825583120250334,14,16.978069909694668,14,1.121919703523628,6.475856351192538,3164,0.006831620650151621
4,2022-07-29,2022-08-29,global,True,56.472996064682064,6,False,True,27,76,2.8187353050392945,38,12,2,0.8599912348716483,14,15.900652640825639,14,2.5268178349631794,2.400359301965102,2505,0.005620213394765337
4,2022-07-29,2022-08-29,crisis,False,,0,True,True,27,76,2.8187353050392945,38,12,2,0.8599912348716483,14,15.900652640825639,14,2.5268178349631794,2.400359301965102,2505,0.005620213394765337
4,2022-07-29,2022-08-29,trend,True,23.064132478463844,4,False,True,14,61,4.345663102960005,22,11,2,0.7090859365974291,14,17.137766170450384,14,3.178052162546191,5.835997412710458,494,0.017669390524661068
4,2022-07-29,2022-08-29,mean_reversion,True,67.89887544642691,5,False,True,30,124,4.144825661221069,36,12,2,0.8754160652567922,14,16.17109112770197,14,3.947862558527337,2.085785538049478,2422,0.009063743762476716
5,2022-08-05,2022-09-05,global,True,28.848842880738655,6,False,True,26,153,5.902630795448964,42,30,2,0.5980247286186401,14,20.454625149600968,14,1.1805533924683893,2.781959854389833,3873,0.006856036809885267
5,2022-08-05,2022-09-05,crisis,False,,0,True,True,26,153,5.902630795448964,42,30,2,0.5980247286186401,14,20.454625149600968,14,1.1805533924683893,2.781959854389833,3873,0.006856036809885267
5,2022-08-05,2022-09-05,trend,True,1.44345883291959,4,False,True,21,82,3.894522057230406,26,28,2,0.6597559133043258,14,30.160371594377974,14,3.57149946097579,4.335485408249755,3520,0.014913715865992164
5,2022-08-05,2022-09-05,mean_reversion,True,47.40345628990883,3,False,True,20,40,2.0021472872123174,6,28,2,0.673853962381916,14,25.23589587819756,14,3.1692513025804936,4.16350343937278,1638,0.01982129369790252
6,2022-08-12,2022-09-12,global,True,51.85542929001682,7,False,True,22,120,5.4625454398733835,11,37,2,0.6094924947726307,14,16.283243814710147,14,2.334409364146265,3.9732207340785934,3838,0.011661273881610748
6,2022-08-12,2022-09-12,crisis,False,,0,True,True,22,120,5.4625454398733835,11,37,2,0.6094924947726307,14,16.283243814710147,14,2.334409364146265,3.9732207340785934,3838,0.011661273881610748
6,2022-08-12,2022-09-12,trend,True,35.793065342109244,3,False,True,16,35,2.1666356641252316,8,39,2,0.8539410874921277,14,25.783124128902763,14,1.7439009944409682,2.961219297436253,4011,0.0087157013758962
6,2022-08-12,2022-09-12,mean_reversion,True,409.607286603825,4,False,True,13,49,3.785329386949426,40,36,2,0.6072349700414229,14,15.354776796412784,14,1.62000924041344,5.684674041674148,885,0.018886366478175008
7,2022-08-19,2022-09-19,global,True,53.21050035053533,5,False,True,16,55,3.407298026006104,15,40,2,0.5744252980951626,14,27.117583723235963,14,1.4118350616518924,1.4471488379983426,3757,0.00903524474174744
7,2022-08-19,2022-09-19,crisis,False,,0,True,True,16,55,3.407298026006104,15,40,2,0.5744252980951626,14,27.117583723235963,14,1.4118350616518924,1.4471488379983426,3757,0.00903524474174744
7,2022-08-19,2022-09-19,trend,True,28.866715698205034,5,False,True,29,149,5.1248593672529745,22,14,2,0.5983082643052423,14,15.849140760714155,14,2.273209371693353,2.5370547199817493,1734,0.013665423848925246
7,2022-08-19,2022-09-19,mean_reversion,True,104.41098662995304,4,False,True,18,89,4.950827642566147,40,31,2,0.8170706522998218,14,16.37290950629364,14,3.364983046561315,1.5296905344807241,996,0.01318480739432974
8,2022-08-26,2022-09-26,global,True,212.0528403928291,6,False,True,20,91,4.542109689614114,19,26,2,0.848623902141561,14,15.249591846570343,14,3.7183205806509547,1.441509795113009,1282,0.019540772424355504
8,2022-08-26,2022-09-26,crisis,False,,0,True,True,20,91,4.542109689614114,19,26,2,0.848623902141561,14,15.249591846570343,14,3.7183205806509547,1.441509795113009,1282,0.019540772424355504
8,2022-08-26,2022-09-26,trend,True,77.56652863129123,3,False,True,25,136,5.449372516394508,10,40,2,0.5906222202062474,14,15.982597442577273,14,1.9791996134514716,6.6938073032445615,519,0.016072890158772134
8,2022-08-26,2022-09-26,mean_reversion,True,357.48327438452014,4,False,True,29,167,5.762601942333111,12,16,2,0.851976944492226,14,21.773191108630073,14,1.1935563241620324,2.9747975625892424,3544,0.018748881984049556
9,2022-09-03,2022-10-03,global,True,104.18291305543278,5,False,True,24,53,2.200984676288833,31,28,2,0.8540597097601987,14,15.86902492054652,14,1.2734643325958663,3.61734606089954,1948,0.01558160811079252
9,2022-09-03,2022-10-03,crisis,False,,0,True,True,24,53,2.200984676288833,31,28,2,0.8540597097601987,14,15.86902492054652,14,1.2734643325958663,3.61734606089954,1948,0.01558160811079252
9,2022-09-03,2022-10-03,trend,True,72.8911535557539,5,False,True,18,39,2.1488454325970063,10,12,2,0.5567078300313671,14,17.088235110812263,14,3.5259887905847958,3.988776162184421,1373,0.016566631135785083
9,2022-09-03,2022-10-03,mean_reversion,True,91.45713352808303,5,False,True,16,44,2.7499865767890737,39,38,2,0.8893176772096714,14,16.400563301468832,14,1.3747021187699033,4.327782414511121,1027,0.013184303405567003
10,2022-09-10,2022-10-10,global,True,58.514706971843886,5,False,True,29,137,4.721568150279329,11,21,2,0.8498421121839821,14,29.406433698643422,14,1.3643276624853404,1.5143561346695753,1256,0.006679131139316874
10,2022-09-10,2022-10-10,crisis,False,,0,True,True,29,137,4.721568150279329,11,21,2,0.8498421121839821,14,29.406433698643422,14,1.3643276624853404,1.5143561346695753,1256,0.006679131139316874
10,2022-09-10,2022-10-10,trend,True,90.56104776885972,4,False,True,13,32,2.462106784494285,10,16,2,0.5857241794045074,14,19.042360787782666,14,2.3377386791169426,1.474999436922985,1324,0.017758591279906484
10,2022-09-10,2022-10-10,mean_reversion,True,26.099160134704313,3,False,True,25,64,2.5453034867208473,6,29,2,0.7875504291679517,14,30.550790959756903,14,1.016590235260641,6.170506686296937,926,0.011723134608110026
11,2022-09-17,2022-10-17,global,True,38.97263480319241,5,False,True,17,89,5.24574330784364,14,39,2,0.6809420260036421,14,19.605357500510838,14,1.06082342463349,5.1831358532309055,3724,0.00817252149403903
11,2022-09-17,2022-10-17,crisis,False,,0,True,True,17,89,5.24574330784364,14,39,2,0.6809420260036421,14,19.605357500510838,14,1.06082342463349,5.1831358532309055,3724,0.00817252149403903
11,2022-09-17,2022-10-17,trend,True,11.818680873082798,4,False,True,21,81,3.8485530298580213,7,17,2,0.6800601759949836,14,16.73407760050283,14,3.6325290490539874,7.479533340815688,3823,0.016590919783035996
11,2022-09-17,2022-10-17,mean_reversion,True,20.00762563142759,3,False,True,13,30,2.287352220755761,13,33,2,0.8727328232670392,14,19.45202276322628,14,1.2458518389552462,4.755175080220881,3327,0.018896692863948395
12,2022-09-24,2022-10-24,global,True,24.659127105239214,7,False,True,7,15,2.0933966838055817,7,15,2,0.8203144112048115,14,20.79201212978778,14,3.1866276694823066,1.5369837520878282,3212,0.01699190378065124
12,2022-09-24,2022-10-24,crisis,False,,0,True,True,7,15,2.0933966838055817,7,15,2,0.8203144112048115,14,20.79201212978778,14,3.1866276694823066,1.5369837520878282,3212,0.01699190378065124
12,2022-09-24,2022-10-24,trend,True,27.406237120436764,3,False,True,13,39,3.010008868328229,6,12,2,0.8472575197337041,14,16.617317485799774,14,1.0082284476022998,4.084726557481124,1153,0.0060140786165653985
12,2022-09-24,2022-10-24,mean_reversion,True,25.48620555716487,4,False,True,29,62,2.141050881183041,37,39,2,0.825432722231432,14,27.743024144748656,14,1.4212570758272811,5.629912672452464,1556,0.01565474266775246
13,2022-09-30,2022-10-31,global,True,16.260577340413125,10,False,True,21,62,2.9505199990595887,14,16,2,0.673338894046059,14,17.078998517690017,14,2.3084920892388903,6.637013884373458,1424,0.019945465206454398
13,2022-09-30,2022-10-31,crisis,False,,0,True,True,21,62,2.9505199990595887,14,16,2,0.673338894046059,14,17.078998517690017,14,2.3084920892388903,6.637013884373458,1424,0.019945465206454398
13,2022-09-30,2022-10-31,trend,True,27.782779454401414,3,False,True,18,75,4.1781225850454655,15,10,2,0.7014336045474403,14,29.540282091882304,14,1.2797366792730593,1.1611271962856986,3211,0.017905628917940522
13,2022-09-30,2022-10-31,mean_reversion,True,82.24932973148238,7,False,True,20,119,5.939732444046597,26,11,2,0.892616422922042,14,15.501330543798673,14,1.2069660205297341,4.4466678901135035,2123,0.008698006235953714
14,2022-10-07,2022-11-07,global,True,23.562231241743575,9,False,True,6,12,2.048537999810443,20,12,2,0.6995629228350428,14,20.8610524783261,14,3.62903229872484,3.515111412028332,1120,0.006988548185122454
14,2022-10-07,2022-11-07,crisis,False,,0,True,True,6,12,2.048537999810443,20,12,2,0.6995629228350428,14,20.8610524783261,14,3.62903229872484,3.515111412028332,1120,0.006988548185122454
14,2022-10-07,2022-11-07,trend,True,20.9795837851214,6,False,True,9,23,2.5863736975870393,9,13,2,0.6278252769716489,14,28.301463256463023,14,1.1242155235427078,2.2006174508042085,981,0.009939119750641637
14,2022-10-07,2022-11-07,mean_reversion,True,55.638068986130705,4,False,True,5,21,4.223108617139323,20,37,2,0.5752233242708121,14,19.697569590422823,14,3.6938726349989355,4.32962271989627,1120,0.018567102076540987
15,2022-10-14,2022-11-14,global,True,84.6077659113044,10,False,True,11,40,3.635381118208984,7,10,2,0.5673357026480296,14,23.83727636902092,14,2.693664059652932,7.104506505394062,1607,0.00627951985118941
15,2022-10-14,2022-11-14,crisis,False,,0,True,True,11,40,3.635381118208984,7,10,2,0.5673357026480296,14,23.83727636902092,14,2.693664059652932,7.104506505394062,1607,0.00627951985118941
15,2022-10-14,2022-11-14,trend,True,75.46860106583236,4,False,True,12,53,4.408632245486554,14,17,2,0.5960211725873555,14,20.003474429675062,14,3.9791162512867664,7.768452856538795,2065,0.018247459183399
15,2022-10-14,2022-11-14,mean_reversion,True,103.06910107547641,3,False,True,27,105,3.878783865068593,37,13,2,0.5584209295438889,14,26.275923910912073,14,3.653170951734191,5.186437352183294,3027,0.01955227521048544
16,2022-10-21,2022-11-21,global,True,91.99905245117827,5,False,True,28,132,4.726168235251457,8,24,2,0.8754424892799796,14,18.85061825356615,14,3.692125901318281,5.583968701111385,1784,0.013229513031414442
16,2022-10-21,2022-11-21,crisis,True,0.04432975335233729,3,False,True,13,53,4.066839608875084,20,11,2,0.5785317745507476,14,29.565956835746924,14,1.3536391819384577,7.356432515165432,509,0.018448425635450797
16,2022-10-21,2022-11-21,trend,True,42.486035529194176,3,False,True,6,16,2.6006827373702963,11,32,2,0.6637479737268125,14,17.475838831488094,14,2.847187942683676,7.950617597811593,3807,0.006984993406069477
16,2022-10-21,2022-11-21,mean_reversion,True,137.7325858168954,3,False,True,10,27,2.721381905837735,26,19,2,0.8637020143282406,14,19.371672116423753,14,3.9336397177177393,6.243583417931349,2833,0.017091595019683985
17,2022-10-28,2022-11-28,global,True,128.43275048531103,7,False,True,18,50,2.7832178245264765,20,15,2,0.8055818028336376,14,19.516126163579898,14,3.107081456309037,7.9187466861628435,1787,0.01930573344708943
17,2022-10-28,2022-11-28,crisis,True,14.1156301920974,3,False,True,18,42,2.3566432403721276,21,15,2,0.8170083929113292,14,25.46293892693832,14,2.7671835736075456,7.0820037737305945,1686,0.014360338091695304
17,2022-10-28,2022-11-28,trend,True,68.70106401918335,5,False,True,13,71,5.430600614273573,7,17,2,0.7100004240752796,14,19.194422574560097,14,3.683361849113944,6.904875671910485,842,0.017230181405663493
17,2022-10-28,2022-11-28,mean_reversion,True,116.95010290741189,3,False,True,27,108,3.982063680899167,12,13,2,0.8500791643586227,14,18.06869835045904,14,3.8448393749519743,7.611841417620653,2232,0.01816563095939197
18,2022-11-05,2022-12-05,global,True,96.3140926140319,5,False,True,24,57,2.357587053012607,33,12,2,0.8313040958878266,14,16.966900700299316,14,3.447848427002691,6.273178716432618,2687,0.019258651221587493
18,2022-11-05,2022-12-05,crisis,True,18.40709172350705,3,False,True,18,80,4.416913580576634,7,17,2,0.6061413663057932,14,19.570029505326183,14,1.3108403199942154,3.9771576375803317,1674,0.018536740515218374
18,2022-11-05,2022-12-05,trend,True,24.02537969325636,3,False,True,5,11,2.2442286759887544,8,37,2,0.7385389268036592,14,19.58447496695705,14,1.5539153749918788,3.317302250114914,1105,0.016391246942309926
18,2022-11-05,2022-12-05,mean_reversion,True,155.81340243997627,4,False,True,30,74,2.4590795269171037,11,15,2,0.8645352060802552,14,15.6722606973992,14,3.5850213167346654,7.418143179350101,1058,0.016726915973786966
19,2022-11-12,2022-12-12,global,True,2.197639516053854,5,False,True,11,54,4.909072841044027,34,22,2,0.6912498779680757,14,22.04424381935359,14,1.5387141830160145,2.4515506013909167,2099,0.010753973553129072
19,2022-11-12,2022-12-12,crisis,True,29.32826660272854,3,False,True,26,70,2.711497324332682,19,14,2,0.8375381408604532,14,22.16400958497027,14,1.211603703549673,1.64834373025534,2978,0.005035989672436915
19,2022-11-12,2022-12-12,trend,True,16.921558277655596,4,False,True,26,73,2.8247815258022038,11,13,2,0.6630039705056935,14,15.233716411221769,14,1.592716096900578,2.3010585575793505,3662,0.009724977219837751
19,2022-11-12,2022-12-12,mean_reversion,True,22.716644799042513,3,False,True,6,19,3.103336963153752,12,36,2,0.811686013729228,14,21.36992382136138,14,1.5284074030905899,2.0246426932579094,3088,0.0066039528984293185
20,2022-11-19,2022-12-19,global,True,32.99702367477113,6,False,True,6,18,3.031369089428363,38,16,2,0.6744000533717396,14,17.461758701368947,14,1.4322257862722068,5.40559473244303,3893,0.006256384785116542
20,2022-11-19,2022-12-19,crisis,False,,0,True,True,6,18,3.031369089428363,38,16,2,0.6744000533717396,14,17.461758701368947,14,1.4322257862722068,5.40559473244303,3893,0.006256384785116542
20,2022-11-19,2022-12-19,trend,True,-0.12981765273266538,3,False,True,5,22,4.408561523104586,27,36,2,0.6069238468481388,14,15.001116982493375,14,2.5182622927395863,2.863117004594748,1012,0.018956043689339494
20,2022-11-19,2022-12-19,mean_reversion,True,19.7031267048563,6,False,True,13,37,2.8462380854118474,27,38,2,0.5622673969666393,14,21.61369058793477,14,1.8600218509846453,1.4604167203633374,3890,0.00614100489570334
21,2022-11-26,2022-12-26,global,True,16.696140558802387,6,False,True,5,25,4.908363705728492,38,11,2,0.6495534450361758,14,23.43884223324616,14,1.1024387894113747,7.9278156094646794,471,0.005324912402234455
21,2022-11-26,2022-12-26,crisis,False,,0,True,True,5,25,4.908363705728492,38,11,2,0.6495534450361758,14,23.43884223324616,14,1.1024387894113747,7.9278156094646794,471,0.005324912402234455
21,2022-11-26,2022-12-26,trend,True,52.15675482559405,4,False,True,28,95,3.405741166854987,10,18,2,0.6329054530619971,14,20.85149787930021,14,1.6003672853669477,3.5960138552476213,507,0.005457090697769781
21,2022-11-26,2022-12-26,mean_reversion,True,135.63545666495114,3,False,True,6,25,4.13177283943058,42,24,2,0.8927858069612851,14,23.255180066037354,14,2.6280226732918055,1.4142016861753794,3772,0.013403780249671142
22,2022-12-02,2023-01-02,global,True,32.05719062373926,5,False,True,11,59,5.383920449205351,6,38,2,0.8546907845443116,14,15.74644760375331,14,1.9560764293370843,1.3843230978146217,3031,0.018398478795155448
22,2022-12-02,2023-01-02,crisis,False,,0,True,True,11,59,5.383920449205351,6,38,2,0.8546907845443116,14,15.74644760375331,14,1.9560764293370843,1.3843230978146217,3031,0.018398478795155448
22,2022-12-02,2023-01-02,trend,True,13.095424620480454,4,False,True,20,88,4.396275074207793,9,31,2,0.5913471462187049,14,15.876438442618674,14,2.0135486954284096,1.7565916757339686,3857,0.005514168137762702
22,2022-12-02,2023-01-02,mean_reversion,True,60.49107869845767,3,False,True,8,36,4.527152883210919,14,17,2,0.8763270641583703,14,22.748507652211128,14,1.2586603954446405,1.0236088837830546,1800,0.019940832069281458
23,2022-12-09,2023-01-09,global,True,46.469889808706526,5,False,True,6,26,4.34150450469071,16,17,2,0.743654025859115,14,17.369734362661028,14,3.5399012272380244,3.923196719207085,1649,0.015746775368396027
23,2022-12-09,2023-01-09,crisis,False,,0,True,True,6,26,4.34150450469071,16,17,2,0.743654025859115,14,17.369734362661028,14,3.5399012272380244,3.923196719207085,1649,0.015746775368396027
23,2022-12-09,2023-01-09,trend,True,52.69706099516024,5,False,True,21,60,2.8517761324804347,8,11,2,0.7151016332027322,14,17.362928875537712,14,3.2600528195342915,3.0389194004358178,1241,0.01954447834477176
23,2022-12-09,2023-01-09,mean_reversion,True,41.13505018697833,3,False,True,10,25,2.5222669362449044,6,35,2,0.5590941017424587,14,19.888209071317338,14,3.6845221294881383,2.4995550644288516,3971,0.01745694007465952
24,2022-12-16,2023-01-16,global,True,101.67852536070802,6,False,True,16,94,5.891742277641026,6,20,2,0.8568118616488825,14,20.258611426255758,14,3.8217469263413637,4.289578386502183,997,0.010329841034721121
24,2022-12-16,2023-01-16,crisis,False,,0,True,True,16,94,5.891742277641026,6,20,2,0.8568118616488825,14,20.258611426255758,14,3.8217469263413637,4.289578386502183,997,0.010329841034721121
24,2022-12-16,2023-01-16,trend,True,93.34827537013115,4,False,True,14,83,5.918301282217918,9,18,2,0.7584265028863717,14,17.133717414169922,14,3.807112071520065,6.512198212450067,1852,0.005129259213005088
24,2022-12-16,2023-01-16,mean_reversion,True,58.73185611019628,3,False,True,10,57,5.680412525351436,10,18,2,0.8487756580094488,14,18.721953224999492,14,2.6117198290951986,1.4592031180575686,1946,0.0069340218678389165
25,2022-12-23,2023-01-23,global,True,105.58339409332822,5,False,True,5,29,5.7443511678491825,25,24,2,0.5879257157396476,14,17.42971357617265,14,2.7516916093998036,7.425341908907389,3504,0.013792521107967243
25,2022-12-23,2023-01-23,crisis,False,,0,True,True,5,29,5.7443511678491825,25,24,2,0.5879257157396476,14,17.42971357617265,14,2.7516916093998036,7.425341908907389,3504,0.013792521107967243
25,2022-12-23,2023-01-23,trend,True,273.5815150774473,3,False,True,14,76,5.4407935467860336,30,22,2,0.87280394367009,14,18.345126054820575,14,1.3365111426557856,7.3985302332592635,3128,0.019393195591422822
25,2022-12-23,2023-01-23,mean_reversion,True,46.98201252484201,3,False,True,21,48,2.300787313249927,20,24,2,0.6154409694534051,14,28.40306313681608,14,3.911268109490659,2.4154890916782854,2639,0.008743154306072339
26,2022-12-30,2023-01-30,global,True,73.75937115408385,6,False,True,10,36,3.593168595159067,29,12,2,0.6877234341561855,14,19.96767318677539,14,3.1986567800558685,1.3521421069834396,2794,0.01185203942676464
26,2022-12-30,2023-01-30,crisis,False,,0,True,True,10,36,3.593168595159067,29,12,2,0.6877234341561855,14,19.96767318677539,14,3.1986567800558685,1.3521421069834396,2794,0.01185203942676464
26,2022-12-30,2023-01-30,trend,True,80.25352313168979,6,False,True,12,25,2.0913896764778594,22,11,2,0.8057478035010756,14,24.047475976800783,14,3.17444460055581,2.0474658008764957,2828,0.010343332780806971
26,2022-12-30,2023-01-30,mean_reversion,True,210.08279193048867,3,False,True,30,106,3.5435789967982263,12,19,2,0.5639798066823174,14,17.058222841237583,14,1.2114723619754229,6.178856820518248,2665,0.016722068216891466
27,2023-01-06,2023-02-06,global,True,76.87930617382709,5,False,True,12,38,3.1775669836458187,7,12,2,0.8298587356205775,14,31.663809694469023,14,3.9114492086522095,6.792051264985329,2437,0.011321224901716095
27,2023-01-06,2023-02-06,crisis,False,,0,True,True,12,38,3.1775669836458187,7,12,2,0.8298587356205775,14,31.663809694469023,14,3.9114492086522095,6.792051264985329,2437,0.011321224901716095
27,2023-01-06,2023-02-06,trend,True,161.23937849532078,3,False,True,30,115,3.838836399691296,8,29,2,0.8863419053466015,14,20.426139291463194,14,3.081482378330414,5.865132027687965,3998,0.01668503010465329
27,2023-01-06,2023-02-06,mean_reversion,True,75.36096072578393,3,False,True,28,63,2.2500041842309164,9,33,2,0.8952262589384593,14,17.274373603947318,14,3.8386860524820308,4.029308781173391,489,0.007221496108507064
28,2023-01-13,2023-02-13,global,True,206.77815094629946,5,False,True,18,42,2.3393166903244227,31,39,2,0.8641766668319618,14,18.171279392042326,14,1.6480942401683514,4.710368668391511,604,0.01760599743223283
28,2023-01-13,2023-02-13,crisis,False,,0,True,True,18,42,2.3393166903244227,31,39,2,0.8641766668319618,14,18.171279392042326,14,1.6480942401683514,4.710368668391511,604,0.01760599743223283
28,2023-01-13,2023-02-13,trend,True,91.31204012907128,6,False,True,19,46,2.4235097721049197,27,15,2,0.8858869575164673,14,15.613513636726514,14,2.8887899334630647,1.1256714841348732,2454,0.013066714154737057
28,2023-01-13,2023-02-13,mean_reversion,True,60.59567224081478,3,False,True,5,16,3.1434228875010652,13,25,2,0.8322993670838226,14,22.945474843552642,14,1.3699371255331618,5.36828968419798,889,0.006650670838617587
29,2023-01-20,2023-02-20,global,True,95.33093957302505,7,False,True,22,104,4.748742043849972,8,35,2,0.7962950831719938,14,17.69070542608941,14,3.0770001386750296,3.4183046882016175,1215,0.018583791695527308
29,2023-01-20,2023-02-20,crisis,False,,0,True,True,22,104,4.748742043849972,8,35,2,0.7962950831719938,14,17.69070542608941,14,3.0770001386750296,3.4183046882016175,1215,0.018583791695527308
29,2023-01-20,2023-02-20,trend,True,177.0383429513294,3,False,True,28,135,4.816690497657282,11,35,2,0.6293517302692653,14,21.14221322369036,14,1.6139321624880436,7.242771133289841,364,0.00976248488542668
29,2023-01-20,2023-02-20,mean_reversion,True,99.275900243317,3,False,True,30,134,4.46163800028679,33,19,2,0.8409023745727273,14,23.546841351506632,14,1.421070878297408,6.089366236180453,3262,0.017090132400982682
30,2023-01-27,2023-02-27,global,True,246.35888192378886,8,False,True,26,54,2.060768300728272,32,25,2,0.8060209269999239,14,19.668750282884403,14,3.122309514911763,3.9957387851380197,832,0.01928620671529553
30,2023-01-27,2023-02-27,crisis,False,,0,True,True,26,54,2.060768300728272,32,25,2,0.8060209269999239,14,19.668750282884403,14,3.122309514911763,3.9957387851380197,832,0.01928620671529553
30,2023-01-27,2023-02-27,trend,True,182.46585203016795,3,False,True,15,51,3.373602046292488,23,31,2,0.6705859293325,14,15.748178629514772,14,1.83552348308847,7.730066721267411,638,0.01800774020463218
30,2023-01-27,2023-02-27,mean_reversion,True,180.73384086274797,4,False,True,29,70,2.41385806459456,27,25,2,0.8843475215447671,14,19.229571413064985,14,2.75863124581456,4.797858727352393,777,0.018268710883023655
31,2023-02-06,2023-03-06,global,True,269.90251351759355,7,False,True,29,79,2.7241397492646406,32,24,2,0.6216256603972974,14,19.70194024049073,14,2.5454456145286892,4.431235414808832,686,0.018980559484262083
31,2023-02-06,2023-03-06,crisis,False,,0,True,True,29,79,2.7241397492646406,32,24,2,0.6216256603972974,14,19.70194024049073,14,2.5454456145286892,4.431235414808832,686,0.018980559484262083
31,2023-02-06,2023-03-06,trend,True,118.61274622672907,3,False,True,5,29,5.722316841450028,31,22,2,0.596526935968985,14,17.67766461074284,14,1.931942364411716,7.329578742403529,1986,0.008803828912816399
31,2023-02-06,2023-03-06,mean_reversion,True,87.76054981379781,3,False,True,12,31,2.6092750049121074,38,24,2,0.6025292750152533,14,17.592381180160455,14,2.900153241772863,1.8071747895475563,3673,0.01115415359157371
32,2023-02-13,2023-03-13,global,True,1440.7652029598164,6,False,True,9,39,4.354732176616452,11,18,2,0.593155992249263,14,31.508567746727362,14,1.4613435277053288,7.773618161655591,3079,0.01864870771016089
32,2023-02-13,2023-03-13,crisis,False,,0,True,True,9,39,4.354732176616452,11,18,2,0.593155992249263,14,31.508567746727362,14,1.4613435277053288,7.773618161655591,3079,0.01864870771016089
32,2023-02-13,2023-03-13,trend,True,265.22594995867297,3,False,True,9,26,2.922130413971596,31,26,2,0.6893142942911183,14,28.899790831522022,14,3.591249201673293,5.138971397597663,344,0.017279734053000175
32,2023-02-13,2023-03-13,mean_reversion,True,172.09725356523003,3,False,True,25,91,3.6380670974982117,25,11,2,0.7704737152180479,14,16.51399490697926,14,1.7507231688425444,2.7904655376649408,1965,0.01937239133254067
33,2023-02-20,2023-03-20,global,True,280.7592455410098,5,False,True,18,93,5.172521018002016,24,16,2,0.7771362621520184,14,19.134108220090344,14,1.44283685567407,4.3478146091432315,875,0.01981922633226897
33,2023-02-20,2023-03-20,crisis,False,,0,True,True,18,93,5.172521018002016,24,16,2,0.7771362621520184,14,19.134108220090344,14,1.44283685567407,4.3478146091432315,875,0.01981922633226897
33,2023-02-20,2023-03-20,trend,True,232.1478788126561,3,False,True,6,17,2.8099616493109116,9,38,2,0.5715469155222502,14,31.23387399367487,14,3.709059275710879,2.785259562929925,387,0.019449224642180928
33,2023-02-20,2023-03-20,mean_reversion,True,248.71032866796773,4,False,True,13,56,4.273426129882875,40,33,2,0.5926726404900173,14,15.663925367501314,14,1.7381310490597492,6.07589393809345,3863,0.019938681488971387
34,2023-02-27,2023-03-27,global,True,328.7827521119054,7,False,True,12,53,4.377423981182449,13,11,2,0.7812214821909339,14,17.95707297230057,14,2.9753003802278255,5.078759644146909,1942,0.017958076423913324
34,2023-02-27,2023-03-27,crisis,True,25.033748752281255,3,False,True,20,52,2.579379234215046,6,15,2,0.8812162367277717,14,15.570208649627679,14,2.113654784648948,2.09819637310786,855,0.00558334880233118
34,2023-02-27,2023-03-27,trend,True,509.2017423698553,6,False,True,28,148,5.270873911688773,9,10,2,0.7927461742010609,14,19.07573603442654,14,3.611862464616514,5.448488565526069,1955,0.018822914371902994
34,2023-02-27,2023-03-27,mean_reversion,True,94.03029154605612,4,False,True,12,47,3.9424793629409027,33,36,2,0.6866440340747368,14,31.3033773779421,14,2.839068946335569,4.726221285837683,2522,0.01708556523853989
35,2023-03-03,2023-04-03,global,True,260.420384427079,5,False,True,14,61,4.364579653243067,26,22,2,0.8422639968437637,14,29.891039583865346,14,2.0164394865708624,4.74860444509665,376,0.012566052514156732
35,2023-03-03,2023-04-03,crisis,True,3.136777425050456,3,False,True,23,55,2.395208051926654,6,31,2,0.8270139308055295,14,22.565376582676496,14,1.7419678324685681,2.8394762531505813,2154,0.009562810385904822
35,2023-03-03,2023-04-03,trend,True,230.56481354833056,3,False,True,18,53,2.9559253842584727,32,13,2,0.6292702932031938,14,26.11208954711634,14,1.004490118275983,6.649716485766761,3333,0.00843721203197272
35,2023-03-03,2023-04-03,mean_reversion,True,161.9625751885454,9,False,True,25,67,2.6697456037139964,40,11,2,0.6136182332608601,14,16.56496368879462,14,2.0240113961380453,4.818828491113564,2204,0.019644967313520962
36,2023-03-10,2023-04-10,global,True,103.97712043298654,5,False,True,24,91,3.810063327584051,15,11,2,0.5777312602259936,14,20.390890166351912,14,3.6330140255102883,7.117142411657229,2955,0.019697262564787432
36,2023-03-10,2023-04-10,crisis,True,0.8361483385215797,3,False,True,10,54,5.358320657610326,22,14,2,0.6328094173291297,14,21.52157717980261,14,3.7664659551425346,2.2969806584448036,990,0.018893073328890318
36,2023-03-10,2023-04-10,trend,True,55.768671547002256,3,False,True,22,101,4.581035041172453,7,16,2,0.8877138524649673,14,21.785234013701203,14,3.7120931050295676,6.044472427154026,3109,0.012701835936792333
36,2023-03-10,2023-04-10,mean_reversion,True,26.3014682024369,3,False,True,12,70,5.862619535722646,36,35,2,0.709601016463105,14,30.33361933593803,14,1.7203485420533458,4.798435216081996,2721,0.014907061388799351
37,2023-03-17,2023-04-17,global,True,50.49034119811289,7,False,True,23,51,2.2110287424491606,26,18,2,0.621139287280861,14,19.36216473399602,14,1.4417940866728776,6.554470171487722,298,0.007933584340732169
37,2023-03-17,2023-04-17,crisis,True,-0.46210859498553425,3,False,True,14,54,3.882188957777392,28,21,2,0.6513503346031148,14,20.78684173716531,14,2.826289252020663,3.898538132356853,1482,0.008195586938119611
37,2023-03-17,2023-04-17,trend,True,-4.060489124047344,4,False,True,13,32,2.4235321595648016,11,12,2,0.6335067175421512,14,34.46636916211196,14,1.2213363354539477,7.020190679367453,3601,0.0070172160036192565
37,2023-03-17,2023-04-17,mean_reversion,True,77.53988960873883,4,False,True,24,115,4.796505478694361,23,30,2,0.8864878260927963,14,17.664875732682297,14,2.594186766348447,3.1144411977145356,396,0.017764638292987786
38,2023-03-24,2023-04-24,global,True,33.050129535714746,8,False,True,24,97,4.030961594479531,42,37,2,0.8567309679395063,14,18.011379279892104,14,1.9872019962512029,5.313615045169483,3082,0.011909426888512386
38,2023-03-24,2023-04-24,crisis,True,-7.749048140405622,3,False,True,26,55,2.104074577940014,11,26,2,0.6645100918881908,14,20.239039785006838,14,3.149609827966466,3.8085257465040447,3508,0.007967743792734553
38,2023-03-24,2023-04-24,trend,True,43.20561677865392,3,False,True,6,27,4.469840651501976,13,11,2,0.5914311957374099,14,33.718465824515135,14,3.475551193247474,1.3288935189783746,1748,0.011943551015896236
38,2023-03-24,2023-04-24,mean_reversion,True,15.773842759747673,5,False,True,13,72,5.524389394648895,38,38,2,0.8759548869529146,14,16.285967063319355,14,2.9780720424441984,3.9892586357842696,3334,0.01024184256336168
39,2023-04-01,2023-05-01,global,True,188.12054134420046,7,False,True,23,109,4.7439849379390955,24,10,2,0.6127006125604119,14,19.33392247618955,14,1.0154556293424581,3.1461922043282353,1379,0.01735403422159029
39,2023-04-01,2023-05-01,crisis,False,,0,True,True,23,109,4.7439849379390955,24,10,2,0.6127006125604119,14,19.33392247618955,14,1.0154556293424581,3.1461922043282353,1379,0.01735403422159029
39,2023-04-01,2023-05-01,trend,True,180.83325854493683,4,False,True,5,16,3.17450910960575,7,22,2,0.5672029600891323,14,28.3228755621319,14,1.6236307737743014,2.7149583654296348,966,0.015185480510014858
39,2023-04-01,2023-05-01,mean_reversion,True,49.40168170934613,6,False,True,28,117,4.163819430856023,33,34,2,0.5651966629639951,14,17.847484451271324,14,3.87594370626788,7.121429265200946,906,0.018337283584089103
40,2023-04-08,2023-05-08,global,True,60.84651995782956,8,False,True,28,134,4.780152225891919,9,24,2,0.6002927218280341,14,23.61955236690965,14,1.5367980239090586,2.619109534139492,2414,0.0077731369798294744
40,2023-04-08,2023-05-08,crisis,False,,0,True,True,28,134,4.780152225891919,9,24,2,0.6002927218280341,14,23.61955236690965,14,1.5367980239090586,2.619109534139492,2414,0.0077731369798294744
40,2023-04-08,2023-05-08,trend,True,51.89384991554739,6,False,True,28,90,3.218785794358719,7,13,2,0.6637695270233767,14,22.337405128157485,14,2.99807854211158,2.3971174396500774,3752,0.013314105098718247
40,2023-04-08,2023-05-08,mean_reversion,True,103.75263027686508,3,False,True,10,36,3.638828571472668,21,13,2,0.8744397261561494,14,23.606524906226475,14,1.2341984807645252,2.6942443559823506,1920,0.00649224977618909
41,2023-04-15,2023-05-15,global,True,24.40173514733422,5,False,True,20,117,5.863728174469416,18,14,2,0.8244414510414497,14,29.692705998156853,14,3.603105332264496,1.3961201901335405,827,0.0082276433376684
41,2023-04-15,2023-05-15,crisis,False,,0,True,True,20,117,5.863728174469416,18,14,2,0.8244414510414497,14,29.692705998156853,14,3.603105332264496,1.3961201901335405,827,0.0082276433376684
41,2023-04-15,2023-05-15,trend,True,64.52778891789235,6,False,True,26,153,5.892542187954191,17,14,2,0.6019556361478087,14,29.708270092210643,14,1.2371556917110647,5.688310793870805,1679,0.008012412605803907
41,2023-04-15,2023-05-15,mean_reversion,True,76.1408692486365,4,False,True,7,19,2.667069988386973,21,34,2,0.8567630123534482,14,15.433071747470443,14,1.2682307806207362,6.409498254698451,1547,0.018898936813029947
42,2023-04-22,2023-05-22,global,True,10.481400088998921,5,False,True,29,165,5.690429009828198,15,28,2,0.6803201106577184,14,27.6076254786066,14,2.9437495982666695,1.5490191595232776,2129,0.019535618196828117
42,2023-04-22,2023-05-22,crisis,False,,0,True,True,29,165,5.690429009828198,15,28,2,0.6803201106577184,14,27.6076254786066,14,2.9437495982666695,1.5490191595232776,2129,0.019535618196828117
42,2023-04-22,2023-05-22,trend,True,28.8623303544413,3,False,True,23,59,2.5774036216685645,18,14,2,0.6147097714700618,14,26.535285656173812,14,1.0743339756037518,4.931192807019409,1225,0.006198557762311512
42,2023-04-22,2023-05-22,mean_reversion,True,21.68286160254688,3,False,True,21,85,4.0643326974114,29,32,2,0.5638093312502787,14,29.646958759628905,14,2.6905104417813215,6.700498774468773,617,0.0065885611649725935
43,2023-04-29,2023-05-29,global,True,32.817990687442155,8,False,True,15,43,2.852837980300114,7,10,2,0.6937015717071069,14,19.267122700296376,14,3.3665924397863076,6.658084336318599,3426,0.016317654319175964
43,2023-04-29,2023-05-29,crisis,False,,0,True,True,15,43,2.852837980300114,7,10,2,0.6937015717071069,14,19.267122700296376,14,3.3665924397863076,6.658084336318599,3426,0.016317654319175964
43,2023-04-29,2023-05-29,trend,True,0.9017901850355204,3,False,True,17,38,2.2292523963756983,20,21,2,0.7621250513089007,14,17.123099959660625,14,3.778871002506135,1.7857096526595742,3402,0.00738601073988435
43,2023-04-29,2023-05-29,mean_reversion,True,33.56743662545346,4,False,True,16,37,2.2963869584708627,9,11,2,0.752996473630921,14,19.90152344891157,14,3.466717947214368,6.556724252441335,3027,0.010135173379249848
44,2023-05-05,2023-06-05,global,True,26.817622123000994,10,False,True,27,68,2.5071242834080905,9,19,2,0.7967621408274553,14,16.403706506775578,14,1.8170583777105986,2.117925119346537,1375,0.006988566988314121
44,2023-05-05,2023-06-05,crisis,False,,0,True,True,27,68,2.5071242834080905,9,19,2,0.7967621408274553,14,16.403706506775578,14,1.8170583777105986,2.117925119346537,1375,0.006988566988314121
44,2023-05-05,2023-06-05,trend,True,20.536662379199015,4,False,True,28,75,2.66365819046797,15,15,2,0.8545138100762109,14,16.849565016357513,14,1.360115822025107,1.4413214987385488,1440,0.005492288352741561
44,2023-05-05,2023-06-05,mean_reversion,True,36.64864095989717,3,False,True,8,30,3.7337692983247965,10,12,2,0.7357271336401798,14,22.30046829147153,14,3.0067673557218906,3.7868414379282016,844,0.010699599664604504
45,2023-05-12,2023-06-12,global,True,17.30690601105502,5,False,True,21,105,4.994184844072552,7,13,2,0.8458305524852998,14,18.0420352062456,14,1.5703835257095828,7.877889558778823,1656,0.00819148656330723
45,2023-05-12,2023-06-12,crisis,False,,0,True,True,21,105,4.994184844072552,7,13,2,0.8458305524852998,14,18.0420352062456,14,1.5703835257095828,7.877889558778823,1656,0.00819148656330723
45,2023-05-12,2023-06-12,trend,True,11.609770532491277,4,False,True,13,43,3.312398068845495,13,12,2,0.7038572382918831,14,18.766846390421815,14,2.1141312094520748,7.496814397252953,1713,0.009671367920558904
45,2023-05-12,2023-06-12,mean_reversion,True,51.06438723424592,5,False,True,22,53,2.4016668046573706,30,40,2,0.8309241375501166,14,19.884266464621987,14,2.5103284535015966,1.3962133377196837,1861,0.019965888846448242
46,2023-05-19,2023-06-19,global,True,3.3524030683167947,13,False,True,25,104,4.1617505149799525,37,21,2,0.6800419882221912,14,15.012626007720186,14,1.2255284390940442,1.6822003330676418,814,0.01869085412579665
46,2023-05-19,2023-06-19,crisis,False,,0,True,True,25,104,4.1617505149799525,37,21,2,0.6800419882221912,14,15.012626007720186,14,1.2255284390940442,1.6822003330676418,814,0.01869085412579665
46,2023-05-19,2023-06-19,trend,True,-11.032959037344346,3,False,True,28,161,5.764193859974842,28,15,2,0.7680423584898065,14,21.065493370700402,14,1.742485092126198,4.902080021528597,1174,0.0054165420803071376
46,2023-05-19,2023-06-19,mean_reversion,True,32.18779922772338,8,False,True,21,46,2.181917546119057,36,19,2,0.5762101501330446,14,19.778127082830636,14,2.8916677020045807,1.2242275409995163,2121,0.019217281067213238
47,2023-05-26,2023-06-26,global,True,89.27467431464,6,False,True,7,20,2.878070470982893,6,11,2,0.6067281803183276,14,27.573585502872035,14,1.140214412602955,7.161011342560859,2631,0.007738649004740386
47,2023-05-26,2023-06-26,crisis,False,,0,True,True,7,20,2.878070470982893,6,11,2,0.6067281803183276,14,27.573585502872035,14,1.140214412602955,7.161011342560859,2631,0.007738649004740386
47,2023-05-26,2023-06-26,trend,True,126.3125346552896,3,False,True,5,14,2.758910123587274,6,16,2,0.617964382939718,14,26.495526658778214,14,1.1259958219464552,7.500031023466681,2922,0.008357340396484045
47,2023-05-26,2023-06-26,mean_reversion,True,62.78498300878026,3,False,True,14,67,4.783933982794167,11,37,2,0.8556063045650268,14,20.21456331062476,14,2.1325206343570597,7.716746450468795,3885,0.008668181399457912
48,2023-06-03,2023-07-03,global,True,49.077512868213276,5,False,True,13,63,4.835880415843613,26,36,2,0.8875419998712128,14,22.71851070221503,14,1.5396052923750012,6.539549079794023,1080,0.010978802431940353
48,2023-06-03,2023-07-03,crisis,False,,0,True,True,13,63,4.835880415843613,26,36,2,0.8875419998712128,14,22.71851070221503,14,1.5396052923750012,6.539549079794023,1080,0.010978802431940353
48,2023-06-03,2023-07-03,trend,True,33.200442180011514,3,False,True,23,138,5.985839252616496,6,13,2,0.8380206025292788,14,28.668749536536993,14,2.8399174762661916,2.937981123542947,3121,0.010397114171059513
48,2023-06-03,2023-07-03,mean_reversion,True,102.71204134210242,3,False,True,9,40,4.445567774641679,28,39,2,0.8623939578623642,14,24.65919558029371,14,1.5046076147179952,6.381242561653134,1127,0.015172620323445159
49,2023-06-10,2023-07-10,global,True,37.5371280734214,6,False,True,30,161,5.358106899987019,40,31,2,0.8614874563642394,14,16.778805982857406,14,3.728608000137475,6.7327349035573265,1429,0.011250745033266629
49,2023-06-10,2023-07-10,crisis,False,,0,True,True,30,161,5.358106899987019,40,31,2,0.8614874563642394,14,16.778805982857406,14,3.728608000137475,6.7327349035573265,1429,0.011250745033266629
49,2023-06-10,2023-07-10,trend,True,28.62687109626263,3,False,True,26,61,2.337916690137413,16,14,2,0.7805330013104745,14,33.23882867766907,14,1.1617699392017953,1.4682751403405923,2859,0.014630119972551455
49,2023-06-10,2023-07-10,mean_reversion,True,166.0565349265945,3,False,True,28,114,4.055200507118829,42,17,2,0.623215629894228,14,24.639488722470162,14,3.1108141896442754,5.07372919855278,447,0.008065372306771462
50,2023-06-17,2023-07-17,global,True,36.60791034056665,7,False,True,22,56,2.5539977670960448,40,20,2,0.7388995368244823,14,20.895801337473028,14,2.9129986905185627,5.714303513141561,3620,0.006109911231178979
50,2023-06-17,2023-07-17,crisis,False,,0,True,True,22,56,2.5539977670960448,40,20,2,0.7388995368244823,14,20.895801337473028,14,2.9129986905185627,5.714303513141561,3620,0.006109911231178979
50,2023-06-17,2023-07-17,trend,True,38.71981143859394,3,False,True,7,20,2.8187702217472923,10,21,2,0.7269670322667149,14,27.348830092607777,14,1.0232557638036528,7.568650732498672,333,0.018208513502284217
50,2023-06-17,2023-07-17,mean_reversion,True,47.86414505082453,3,False,True,27,65,2.421497325430895,25,18,2,0.5760501730175625,14,24.698007556186564,14,3.7633022804433276,5.019710459672336,319,0.018561331192506924
51,2023-06-24,2023-07-24,global,True,-2.176047361774823,6,False,True,11,40,3.66540196197033,37,22,2,0.7160954906356036,14,28.863583675868362,14,1.5554901154414558,1.4779239976786156,2618,0.014015275544522905
51,2023-06-24,2023-07-24,crisis,False,,0,True,True,11,40,3.66540196197033,37,22,2,0.7160954906356036,14,28.863583675868362,14,1.5554901154414558,1.4779239976786156,2618,0.014015275544522905
51,2023-06-24,2023-07-24,trend,True,2.976346885804023,3,False,True,28,143,5.1238850684778,10,38,2,0.5843380754898402,14,15.388743337151277,14,1.0092953511141112,1.7262471299161815,3633,0.006641964466569905
51,2023-06-24,2023-07-24,mean_reversion,True,21.572442193681127,3,False,True,8,32,4.025580991548955,38,15,2,0.5688780277977938,14,27.97517906285698,14,1.0645764566503508,4.801450903038979,3110,0.017126393655516887
52,2023-06-30,2023-07-31,global,True,37.248947339045344,5,False,True,8,43,5.410245508945195,38,13,2,0.8770566995299867,14,25.08348002313187,14,1.012641855858131,4.72013958952009,3751,0.0072889594535804295
52,2023-06-30,2023-07-31,crisis,False,,0,True,True,8,43,5.410245508945195,38,13,2,0.8770566995299867,14,25.08348002313187,14,1.012641855858131,4.72013958952009,3751,0.0072889594535804295
52,2023-06-30,2023-07-31,trend,True,25.467984756548532,3,False,True,16,73,4.589428603880048,33,12,2,0.6463941987955477,14,19.00785619322203,14,1.1975497129586652,4.759853543667389,1554,0.016255907632027482
52,2023-06-30,2023-07-31,mean_reversion,True,47.682299802934295,3,False,True,13,72,5.552424634348524,29,37,2,0.60316979820264,14,28.69851498061252,14,1.3923302485176094,2.9115155194773044,3206,0.01200169710092797
53,2023-07-07,2023-08-07,global,True,40.94186094427615,7,False,True,20,44,2.179650356363838,41,31,2,0.8653185697421597,14,15.35848702516713,14,2.8316037954014575,1.3391672487740571,4021,0.006577019059657202
53,2023-07-07,2023-08-07,crisis,False,,0,True,True,20,44,2.179650356363838,41,31,2,0.8653185697421597,14,15.35848702516713,14,2.8316037954014575,1.3391672487740571,4021,0.006577019059657202
53,2023-07-07,2023-08-07,trend,True,1.6157941604148878,3,False,True,26,123,4.725439021463512,26,34,2,0.8989823868586002,14,19.346010156702462,14,2.137378561491843,6.967308891589429,325,0.013678474011948355
53,2023-07-07,2023-08-07,mean_reversion,True,15.858947504043677,3,False,True,20,77,3.874727184977178,28,17,2,0.7506234009570439,14,27.58011210658325,14,2.5881617226532847,1.5600676425509339,2848,0.019636181309789245
54,2023-07-14,2023-08-14,global,True,8.095967719839724,5,False,True,20,73,3.6501772502579057,23,28,2,0.8323352449319628,14,20.640193354635503,14,3.8186467544849303,4.944349511822705,1169,0.01007496793900024
54,2023-07-14,2023-08-14,crisis,False,,0,True,True,20,73,3.6501772502579057,23,28,2,0.8323352449319628,14,20.640193354635503,14,3.8186467544849303,4.944349511822705,1169,0.01007496793900024
54,2023-07-14,2023-08-14,trend,True,3.2991903088610153,3,False,True,19,43,2.2614254655323514,8,28,2,0.5715036053486371,14,23.619410733837416,14,3.008399982112252,1.4275576995850525,3536,0.017709135767314407
54,2023-07-14,2023-08-14,mean_reversion,True,7.775542988069679,3,False,True,23,50,2.166462666258151,36,12,2,0.7485460623637246,14,22.0296247611853,14,1.397597886147312,6.276730797547443,3087,0.007689035839023504
55,2023-07-21,2023-08-21,global,True,92.95411160804754,5,False,True,26,144,5.532454619798354,25,16,2,0.7647726419195046,14,20.688067879096565,14,3.668285877900032,6.910103038458041,916,0.010944154105182645
55,2023-07-21,2023-08-21,crisis,False,,0,True,True,26,144,5.532454619798354,25,16,2,0.7647726419195046,14,20.688067879096565,14,3.668285877900032,6.910103038458041,916,0.010944154105182645
55,2023-07-21,2023-08-21,trend,True,44.13256555641859,4,False,True,16,80,4.973500054166178,7,11,2,0.8185494034730847,14,19.845567158450464,14,3.801227335061953,5.343001851945643,3876,0.0068478545243498765
55,2023-07-21,2023-08-21,mean_reversion,True,17.340821520020157,3,False,True,24,122,5.097309417633514,12,11,2,0.8478267839627018,14,22.492158835924812,14,3.0845172378617405,4.5393764900704605,3989,0.017050503655665048
56,2023-07-28,2023-08-28,global,True,58.05497531748861,5,False,True,26,115,4.407630747092251,11,10,2,0.6850938804356136,14,28.281895475697876,14,2.1423290023796633,5.8921979690486905,877,0.0067169533372196735
56,2023-07-28,2023-08-28,crisis,False,,0,True,True,26,115,4.407630747092251,11,10,2,0.6850938804356136,14,28.281895475697876,14,2.1423290023796633,5.8921979690486905,877,0.0067169533372196735
56,2023-07-28,2023-08-28,trend,True,92.55935486992648,4,False,True,30,138,4.587847663493666,9,18,2,0.7275634375075871,14,31.666781829512427,14,2.1512826934201215,6.939648737937736,370,0.010921588632386426
56,2023-07-28,2023-08-28,mean_reversion,True,75.75805838640119,3,False,True,29,160,5.52404447114482,21,37,2,0.8904320868005334,14,24.873451867417955,14,3.573820266559357,5.36948048769967,2410,0.005056813587343749
57,2023-08-04,2023-09-04,global,True,50.35613711753337,13,False,True,27,108,4.016339204054438,15,13,2,0.6402023785204651,14,27.36040451443715,14,2.3812009459822,6.183901578107765,1699,0.016555456386360766
57,2023-08-04,2023-09-04,crisis,False,,0,True,True,27,108,4.016339204054438,15,13,2,0.6402023785204651,14,27.36040451443715,14,2.3812009459822,6.183901578107765,1699,0.016555456386360766
57,2023-08-04,2023-09-04,trend,True,148.9364390208421,5,False,True,27,108,4.016339204054438,15,13,2,0.6402023785204651,14,27.36040451443715,14,2.3812009459822,6.183901578107765,1699,0.016555456386360766
57,2023-08-04,2023-09-04,mean_reversion,True,49.172445606281045,4,False,True,22,95,4.297560804142664,41,35,2,0.6678186312872655,14,17.9139599818283,14,2.875724894107614,7.9033079140414255,3241,0.00968692895759731
58,2023-08-11,2023-09-11,global,True,106.11209562845644,6,False,True,28,143,5.091534508161406,9,24,2,0.6422332123291993,14,27.40242656301207,14,3.163211843015213,5.419735762269099,1348,0.011606161955770977
58,2023-08-11,2023-09-11,crisis,False,,0,True,True,28,143,5.091534508161406,9,24,2,0.6422332123291993,14,27.40242656301207,14,3.163211843015213,5.419735762269099,1348,0.011606161955770977
58,2023-08-11,2023-09-11,trend,True,78.93431244375914,3,False,True,7,33,4.65792578385576,25,15,2,0.880036085720259,14,19.837201719525048,14,3.9967968065296358,5.078856706049291,974,0.010802681328766854
58,2023-08-11,2023-09-11,mean_reversion,True,44.27869820559159,7,False,True,12,30,2.5134408336987555,23,38,2,0.7001237526803757,14,21.643457648323622,14,3.931033056955627,6.887765046116426,1332,0.0121307707525978
59,2023-08-18,2023-09-18,global,True,2.3183026828740863,11,False,True,26,108,4.151241046769417,29,23,2,0.5810828291230672,14,15.181623856977957,14,1.1111133066988423,3.6113787602732437,899,0.0157631477290512
59,2023-08-18,2023-09-18,crisis,False,,0,True,True,26,108,4.151241046769417,29,23,2,0.5810828291230672,14,15.181623856977957,14,1.1111133066988423,3.6113787602732437,899,0.0157631477290512
59,2023-08-18,2023-09-18,trend,True,31.302760087629824,3,False,True,15,70,4.697606558050914,12,25,2,0.5892369100030913,14,17.28147905770824,14,2.979992932997341,2.6993289024900453,2988,0.015619704969743587
59,2023-08-18,2023-09-18,mean_reversion,True,21.72065485339629,4,False,True,15,55,3.6848703644385528,28,11,2,0.59497192529977,14,31.93254020066959,14,2.9157494778284763,4.506786428456099,1308,0.019133053967157285
60,2023-08-25,2023-09-25,global,True,39.12420661892857,11,False,True,20,104,5.21885355485254,10,25,2,0.6680970610915519,14,23.862673438196385,14,1.9730683071231965,7.805876234308367,581,0.018168516511851116
60,2023-08-25,2023-09-25,crisis,False,,0,True,True,20,104,5.21885355485254,10,25,2,0.6680970610915519,14,23.862673438196385,14,1.9730683071231965,7.805876234308367,581,0.018168516511851116
60,2023-08-25,2023-09-25,trend,True,15.561926649971959,4,False,True,17,102,5.974776233999516,15,18,2,0.8042571713512651,14,18.485622085235164,14,2.239779131057554,1.8225911489398012,905,0.009218822986441388
60,2023-08-25,2023-09-25,mean_reversion,True,97.93424609618603,5,False,True,23,119,5.167105535525785,42,11,2,0.6999100354797931,14,31.94400487109355,14,3.5110227980394475,3.4562446430201397,1570,0.01496909611991035
61,2023-09-02,2023-10-02,global,True,11.829766129523312,7,False,True,9,50,5.536876297956685,7,22,2,0.6757688237162943,14,18.331604437689556,14,2.859443319829528,5.267447798808748,1353,0.011458153078626654
61,2023-09-02,2023-10-02,crisis,False,,0,True,True,9,50,5.536876297956685,7,22,2,0.6757688237162943,14,18.331604437689556,14,2.859443319829528,5.267447798808748,1353,0.011458153078626654
61,2023-09-02,2023-10-02,trend,True,8.045905181095375,4,False,True,17,61,3.5784990264591507,13,19,2,0.7089733154979105,14,23.39252203364082,14,3.8198420022146884,2.5068026611985728,3044,0.010474681983888996
61,2023-09-02,2023-10-02,mean_reversion,True,17.675070664789597,3,False,True,18,69,3.8495965842679754,40,12,2,0.6509225431398916,14,25.813180144442676,14,1.5470037010149735,6.0144608374605,1879,0.01961209353475468
62,2023-09-09,2023-10-09,global,True,54.395026593684186,9,False,True,7,20,2.79251747633322,15,28,2,0.5869408779637555,14,15.95223275799114,14,3.4130211751079274,1.658786580522899,1514,0.014984217264870349
62,2023-09-09,2023-10-09,crisis,False,,0,True,True,7,20,2.79251747633322,15,28,2,0.5869408779637555,14,15.95223275799114,14,3.4130211751079274,1.658786580522899,1514,0.014984217264870349
62,2023-09-09,2023-10-09,trend,True,18.199457843363483,7,False,True,14,31,2.2121140999331836,15,27,2,0.6194137744360236,14,18.397316191021243,14,2.804439809133978,1.9382521261336616,1066,0.009711122876902387
62,2023-09-09,2023-10-09,mean_reversion,True,128.74786983657884,5,False,True,6,26,4.271410430563694,12,17,2,0.8820429571936432,14,17.20222733492537,14,2.291059002961696,1.589286121739616,2728,0.006770101355325512
63,2023-09-16,2023-10-16,global,True,58.261014911495984,5,False,True,9,29,3.178393433302066,41,21,2,0.6233384021847178,14,17.691286872567314,14,2.2683072798780253,2.123257102864883,1204,0.018031194478573376
63,2023-09-16,2023-10-16,crisis,False,,0,True,True,9,29,3.178393433302066,41,21,2,0.6233384021847178,14,17.691286872567314,14,2.2683072798780253,2.123257102864883,1204,0.018031194478573376
63,2023-09-16,2023-10-16,trend,True,47.350296329921676,8,False,True,29,97,3.359183218023038,16,17,2,0.593558531055058,14,18.598823857298285,14,1.5275410759677486,6.829569078209128,1598,0.011366526687104833
63,2023-09-16,2023-10-16,mean_reversion,True,77.73147974332522,3,False,True,7,40,5.783580365143507,28,20,2,0.6356042816107078,14,16.001596396203922,14,3.8083640778007135,6.904513754567937,1006,0.018783226240932392
64,2023-09-23,2023-10-23,global,True,75.8857997607454,5,False,True,30,167,5.582462171137097,7,37,2,0.8907712262501466,14,21.888354667457,14,1.9347140930843196,5.662050774207628,2561,0.017151297166135226
64,2023-09-23,2023-10-23,crisis,False,,0,True,True,30,167,5.582462171137097,7,37,2,0.8907712262501466,14,21.888354667457,14,1.9347140930843196,5.662050774207628,2561,0.017151297166135226
64,2023-09-23,2023-10-23,trend,True,110.0717299970183,5,False,True,22,57,2.5828860347247597,6,22,2,0.5970611408339498,14,18.32274024607891,14,3.747662263798131,3.3076759534777813,1111,0.014015299117278598
64,2023-09-23,2023-10-23,mean_reversion,True,72.63475234265522,4,False,True,26,109,4.194806364826839,11,40,2,0.8750924443142555,14,21.813371589707945,14,1.3216668429520753,5.880100554443699,2154,0.019340637038770963
65,2023-09-30,2023-10-30,global,True,394.9780483838598,6,False,True,11,26,2.32087274786144,8,35,2,0.8965054143015532,14,17.31120564212171,14,2.582370218136218,2.8973769794425195,2712,0.016575568552396003
65,2023-09-30,2023-10-30,crisis,True,8.057598273336989,4,False,True,9,47,5.274810691882569,19,10,2,0.5852595737597525,14,15.047002322429368,14,1.7630405442471466,2.91640898383775,377,0.012327615682759394
65,2023-09-30,2023-10-30,trend,True,68.7421798222813,3,False,True,26,54,2.078249007423442,13,37,2,0.8432902439795136,14,17.022778054366086,14,1.6710347806829966,3.7919523149904593,2507,0.016464868941030712
65,2023-09-30,2023-10-30,mean_reversion,True,72.9456756250929,3,False,True,15,65,4.325722685258689,34,15,2,0.6242768195948647,14,16.487473425309584,14,3.746834087822827,7.948047853201449,3826,0.015458409195793145
66,2023-10-06,2023-11-06,global,True,102.53363540691339,6,False,True,8,38,4.77212997377452,8,12,2,0.5647397106169244,14,33.61978768295316,14,3.2788733692272363,2.2224804143212067,1406,0.016344684345137285
66,2023-10-06,2023-11-06,crisis,True,6.172298961864553,3,False,True,19,51,2.6813661398027295,18,14,2,0.5547860433942882,14,19.46963542194148,14,2.43064916019895,7.541385450486227,3931,0.01988911696416628
66,2023-10-06,2023-11-06,trend,True,190.18242621909016,5,False,True,29,161,5.540003258767811,8,12,2,0.6101420369771534,14,30.907571839065827,14,3.059573404079962,2.410231733158917,3884,0.013413298025532748
66,2023-10-06,2023-11-06,mean_reversion,True,66.645690061092,3,False,True,7,17,2.3952319326833367,30,26,2,0.7346544064776996,14,18.14879126350094,14,3.9148856800056455,7.621424280483674,2199,0.011009523402647999
67,2023-10-13,2023-11-13,global,True,113.9073601598461,6,False,True,13,69,5.332130067986897,6,30,2,0.8814621432715017,14,21.47238034989932,14,3.549663589496701,1.6489811565763983,2214,0.01940871496261751
67,2023-10-13,2023-11-13,crisis,True,29.39464807588294,3,False,True,9,51,5.649070420797064,15,29,2,0.5533605258547126,14,18.28033315257373,14,1.1811011715753152,3.8378045093250246,2263,0.011648749075900414
67,2023-10-13,2023-11-13,trend,True,197.55681159165508,3,False,True,20,117,5.86607886733596,14,11,2,0.8838914742114709,14,31.767531424821772,14,2.109314055952166,5.993140678337656,690,0.011250054907080904
67,2023-10-13,2023-11-13,mean_reversion,True,78.52646185412509,3,False,True,27,126,4.667743683125196,35,38,2,0.6224939082376812,14,16.981236649804288,14,1.6182260543369427,5.798076407185403,3567,0.017173501475179365
68,2023-10-20,2023-11-20,global,True,90.52344137118091,7,False,True,22,71,3.2311592381497762,6,16,2,0.5530066196766934,14,31.104183123952563,14,3.338701792264438,1.3548534628786637,1562,0.009741834038288192
68,2023-10-20,2023-11-20,crisis,True,21.58808469034765,6,False,True,19,59,3.101274152556834,15,17,2,0.5540653765591096,14,26.169753774307313,14,3.3806214652682214,1.223657224265927,1901,0.007783847327840418
68,2023-10-20,2023-11-20,trend,True,212.81150361350947,3,False,True,6,19,3.245819454564932,11,10,2,0.6779353755690007,14,26.2429537124652,14,2.3365374083654054,6.002512408286849,502,0.014035106285307335
68,2023-10-20,2023-11-20,mean_reversion,True,28.76055518235411,4,False,True,9,52,5.725251319563907,22,25,2,0.7455691216550892,14,16.59048715265992,14,1.0374849668225563,5.107324053078498,1203,0.007493069575217369
69,2023-10-27,2023-11-27,global,True,24.09777274115182,7,False,True,18,80,4.422798268777989,8,19,2,0.5742460988042988,14,31.712946010699863,14,2.17178201735158,7.183302573699844,460,0.005922254303037261
69,2023-10-27,2023-11-27,crisis,True,21.666134106266956,3,False,True,25,111,4.43230881621973,15,23,2,0.6071612585942493,14,33.639859537713775,14,1.3296647359844964,6.715167439502651,1052,0.011419282805421165
69,2023-10-27,2023-11-27,trend,True,76.49585745481693,4,False,True,24,128,5.343484864005697,20,19,2,0.5671199484316801,14,16.342219454584416,14,1.3364110899900732,4.10150676300306,1235,0.010108779244203578
69,2023-10-27,2023-11-27,mean_reversion,True,31.60315270092689,9,False,True,24,114,4.734490488359208,7,33,2,0.5959378733180005,14,15.302118219178128,14,1.6495551455408224,1.0633211920923094,1014,0.007667846980914452
70,2023-11-04,2023-12-04,global,True,18.59670845424257,5,False,True,7,33,4.69703648656519,29,11,2,0.5903378981791135,14,25.244702521378894,14,1.1812936101569445,2.185960986195168,1760,0.007673205638188952
70,2023-11-04,2023-12-04,crisis,False,,0,True,True,7,33,4.69703648656519,29,11,2,0.5903378981791135,14,25.244702521378894,14,1.1812936101569445,2.185960986195168,1760,0.007673205638188952
70,2023-11-04,2023-12-04,trend,True,23.850748084185664,3,False,True,5,23,4.512366138487769,11,14,2,0.5995200308631214,14,30.10927874479351,14,2.9546296905482596,5.996540580926334,541,0.010997586891480247
70,2023-11-04,2023-12-04,mean_reversion,True,88.93078910682905,5,False,True,29,138,4.7572175819876055,12,14,2,0.5730032967100341,14,22.132284720026263,14,2.1212132787489764,1.3795711917104394,424,0.007048292752948285
71,2023-11-11,2023-12-11,global,True,85.46912563925547,5,False,True,13,69,5.312510228924972,41,22,2,0.7770118661143152,14,15.489938685757895,14,2.6602635683902682,5.976552099764475,2676,0.019853022774576446
71,2023-11-11,2023-12-11,crisis,False,,0,True,True,13,69,5.312510228924972,41,22,2,0.7770118661143152,14,15.489938685757895,14,2.6602635683902682,5.976552099764475,2676,0.019853022774576446
71,2023-11-11,2023-12-11,trend,True,11.147590963295082,3,False,True,10,55,5.47188235893919,25,17,2,0.7395200142892099,14,20.6496172393861,14,3.274050864859476,2.9163624318980514,304,0.018865636720308363
71,2023-11-11,2023-12-11,mean_reversion,True,55.80820528359953,4,False,True,27,62,2.2956143953690398,39,23,2,0.5946872069817292,14,26.51715748849866,14,3.5214127591887165,4.045843858085925,2894,0.015269571453911928
72,2023-11-18,2023-12-18,global,True,46.53681147355841,12,False,True,26,69,2.6674844437642387,36,12,2,0.688482028700811,14,15.052399109256402,14,2.8204699129810447,6.245569871420675,3510,0.008682756283409723
72,2023-11-18,2023-12-18,crisis,False,,0,True,True,26,69,2.6674844437642387,36,12,2,0.688482028700811,14,15.052399109256402,14,2.8204699129810447,6.245569871420675,3510,0.008682756283409723
72,2023-11-18,2023-12-18,trend,True,83.40728781554243,4,False,True,5,12,2.3710359827512644,11,10,2,0.5918304689858355,14,33.880593655244766,14,1.286490917871495,6.146109785240569,3206,0.007115498494350003
72,2023-11-18,2023-12-18,mean_reversion,True,30.935646156251483,3,False,True,7,34,4.872191226265766,28,34,2,0.8221196538499951,14,21.39914097715579,14,2.2172005049633956,1.5702081242060981,2104,0.018468238824395484
